https://star-hangar.com/star-citizen/spaceships/aegis-dynamics/avenger/renegade.html,star-citizen,spaceships,aegis-dynamics,avenger,renegade
https://star-hangar.com/star-citizen/spaceships/aegis-dynamics/avenger/stalker.html,star-citizen,spaceships,aegis-dynamics,avenger,stalker
https://star-hangar.com/star-citizen/spaceships/aegis-dynamics/avenger/titan.html,star-citizen,spaceships,aegis-dynamics,avenger,titan
https://star-hangar.com/star-citizen/spaceships/aegis-dynamics/avenger/warlock.html,star-citizen,spaceships,aegis-dynamics,avenger,warlock
https://star-hangar.com/star-citizen/spaceships/aegis-dynamics/eclipse.html,star-citizen,spaceships,aegis-dynamics,eclipse,
https://star-hangar.com/star-citizen/spaceships/aegis-dynamics/gladius/base.html,star-citizen,spaceships,aegis-dynamics,gladius,gladius_base
https://star-hangar.com/star-citizen/spaceships/aegis-dynamics/gladius/valiant.html,star-citizen,spaceships,aegis-dynamics,gladius,valiant
https://star-hangar.com/star-citizen/spaceships/aegis-dynamics/hammerhead.html,star-citizen,spaceships,aegis-dynamics,hammerhead,
https://star-hangar.com/star-citizen/spaceships/aegis-dynamics/nautilus.html,star-citizen,spaceships,aegis-dynamics,nautilus,
https://star-hangar.com/star-citizen/spaceships/aegis-dynamics/reclaimer.html,star-citizen,spaceships,aegis-dynamics,reclaimer,
https://star-hangar.com/star-citizen/spaceships/aegis-dynamics/retaliator/base.html,star-citizen,spaceships,aegis-dynamics,retaliator,retaliator_base
https://star-hangar.com/star-citizen/spaceships/aegis-dynamics/retaliator/bomber.html,star-citizen,spaceships,aegis-dynamics,retaliator,bomber
https://star-hangar.com/star-citizen/spaceships/aegis-dynamics/sabre/base.html,star-citizen,spaceships,aegis-dynamics,sabre,base
https://star-hangar.com/star-citizen/spaceships/aegis-dynamics/sabre/comet.html,star-citizen,spaceships,aegis-dynamics,sabre,comet
https://star-hangar.com/star-citizen/spaceships/aegis-dynamics/vanguard/harbinger.html,star-citizen,spaceships,aegis-dynamics,vanguard,harbinger
https://star-hangar.com/star-citizen/spaceships/aegis-dynamics/vanguard/hoplite.html,star-citizen,spaceships,aegis-dynamics,vanguard,hoplite
https://star-hangar.com/star-citizen/spaceships/aegis-dynamics/vanguard/sentinel.html,star-citizen,spaceships,aegis-dynamics,vanguard,sentinel
https://star-hangar.com/star-citizen/spaceships/aegis-dynamics/vanguard/warden.html,star-citizen,spaceships,aegis-dynamics,vanguard,warden
https://star-hangar.com/star-citizen/spaceships/aegis-dynamics/vulcan.html,star-citizen,spaceships,aegis-dynamics,vulcan,
https://star-hangar.com/star-citizen/spaceships/anvil-aerospace/arrow.html,star-citizen,spaceships,anvil-aerospace,arrow,
https://star-hangar.com/star-citizen/spaceships/anvil-aerospace/carrack/base.html,star-citizen,spaceships,anvil-aerospace,carrack,carrack_base
https://star-hangar.com/star-citizen/spaceships/anvil-aerospace/carrack/expedition.html,star-citizen,spaceships,anvil-aerospace,carrack,expedition
https://star-hangar.com/star-citizen/spaceships/anvil-aerospace/crucible.html,star-citizen,spaceships,anvil-aerospace,crucible,
https://star-hangar.com/star-citizen/spaceships/anvil-aerospace/gladiator.html,star-citizen,spaceships,anvil-aerospace,gladiator,
https://star-hangar.com/star-citizen/spaceships/anvil-aerospace/hawk.html,star-citizen,spaceships,anvil-aerospace,hawk,
https://star-hangar.com/star-citizen/spaceships/anvil-aerospace/hornet/base.html,star-citizen,spaceships,anvil-aerospace,hornet,hornet_base
https://star-hangar.com/star-citizen/spaceships/anvil-aerospace/hornet/ghost.html,star-citizen,spaceships,anvil-aerospace,hornet,ghost
https://star-hangar.com/star-citizen/spaceships/anvil-aerospace/hornet/super.html,star-citizen,spaceships,anvil-aerospace,hornet,super
https://star-hangar.com/star-citizen/spaceships/anvil-aerospace/hornet/tracker.html,star-citizen,spaceships,anvil-aerospace,hornet,tracker
https://star-hangar.com/star-citizen/spaceships/anvil-aerospace/hornet/wildfire.html,star-citizen,spaceships,anvil-aerospace,hornet,wildfire
https://star-hangar.com/star-citizen/spaceships/anvil-aerospace/hurricane.html,star-citizen,spaceships,anvil-aerospace,hurricane,
https://star-hangar.com/star-citizen/spaceships/anvil-aerospace/legionnaire.html,star-citizen,spaceships,anvil-aerospace,legionnaire,
https://star-hangar.com/star-citizen/spaceships/anvil-aerospace/liberator.html,star-citizen,spaceships,anvil-aerospace,liberator,
https://star-hangar.com/star-citizen/spaceships/anvil-aerospace/pisces/c8x.html,star-citizen,spaceships,anvil-aerospace,pisces,c8x
https://star-hangar.com/star-citizen/spaceships/anvil-aerospace/terrapin.html,star-citizen,spaceships,anvil-aerospace,terrapin,
https://star-hangar.com/star-citizen/spaceships/anvil-aerospace/valkyrie/base.html,star-citizen,spaceships,anvil-aerospace,valkyrie,valkyrie_base
https://star-hangar.com/star-citizen/spaceships/aopoa/khartu-al.html,star-citizen,spaceships,aopoa,khartu-al,
https://star-hangar.com/star-citizen/spaceships/aopoa/santokyai.html,star-citizen,spaceships,aopoa,santokyai,
https://star-hangar.com/star-citizen/spaceships/argo-astronautics/mpuv.html,star-citizen,spaceships,argo-astronautics,mpuv,
https://star-hangar.com/star-citizen/spaceships/argo-astronautics/mpuv/cargo.html,star-citizen,spaceships,argo-astronautics,mpuv,cargo
https://star-hangar.com/star-citizen/spaceships/argo-astronautics/mpuv/personnel.html,star-citizen,spaceships,argo-astronautics,mpuv,personnel
https://star-hangar.com/star-citizen/spaceships/argo-astronautics/srv.html,star-citizen,spaceships,argo-astronautics,srv,
https://star-hangar.com/star-citizen/spaceships/argo-astronautics/raft.html,star-citizen,spaceships,argo-astronautics,raft,
https://star-hangar.com/star-citizen/spaceships/banu/defender.html,star-citizen,spaceships,banu,defender,
https://star-hangar.com/star-citizen/spaceships/banu/merchantman.html,star-citizen,spaceships,banu,merchantman,
https://star-hangar.com/star-citizen/spaceships/consolidated-outland/mustang/beta.html,star-citizen,spaceships,consolidated-outland,mustang,beta
https://star-hangar.com/star-citizen/spaceships/consolidated-outland/mustang/delta.html,star-citizen,spaceships,consolidated-outland,mustang,delta
https://star-hangar.com/star-citizen/spaceships/consolidated-outland/mustang/gamma.html,star-citizen,spaceships,consolidated-outland,mustang,gamma
https://star-hangar.com/star-citizen/spaceships/consolidated-outland/nomad.html,star-citizen,spaceships,consolidated-outland,nomad,
https://star-hangar.com/star-citizen/spaceships/crusader-industries/ares/ion.html,star-citizen,spaceships,crusader-industries,ares,ion
https://star-hangar.com/star-citizen/spaceships/crusader-industries/ares/inferno.html,star-citizen,spaceships,crusader-industries,ares,inferno
https://star-hangar.com/star-citizen/spaceships/crusader-industries/genesis-starliner.html,star-citizen,spaceships,crusader-industries,genesis-starliner,
https://star-hangar.com/star-citizen/spaceships/crusader-industries/mercury.html,star-citizen,spaceships,crusader-industries,mercury,
https://star-hangar.com/star-citizen/spaceships/drake-interplanetary/buccaneer.html,star-citizen,spaceships,drake-interplanetary,buccaneer,
https://star-hangar.com/star-citizen/spaceships/drake-interplanetary/caterpillar.html,star-citizen,spaceships,drake-interplanetary,caterpillar,
https://star-hangar.com/star-citizen/spaceships/drake-interplanetary/caterpillar/base.html,star-citizen,spaceships,drake-interplanetary,caterpillar,caterpillar_base
https://star-hangar.com/star-citizen/spaceships/drake-interplanetary/corsair.html,star-citizen,spaceships,drake-interplanetary,corsair,
https://star-hangar.com/star-citizen/spaceships/drake-interplanetary/cutlass/black.html,star-citizen,spaceships,drake-interplanetary,cutlass,black
https://star-hangar.com/star-citizen/spaceships/drake-interplanetary/cutlass/blue.html,star-citizen,spaceships,drake-interplanetary,cutlass,blue
https://star-hangar.com/star-citizen/spaceships/drake-interplanetary/cutlass/red.html,star-citizen,spaceships,drake-interplanetary,cutlass,red
https://star-hangar.com/star-citizen/spaceships/drake-interplanetary/cutlass/steel.html,star-citizen,spaceships,drake-interplanetary,cutlass,steel
https://star-hangar.com/star-citizen/spaceships/drake-interplanetary/herald.html,star-citizen,spaceships,drake-interplanetary,herald,
https://star-hangar.com/star-citizen/spaceships/drake-interplanetary/vulture.html,star-citizen,spaceships,drake-interplanetary,vulture,
https://star-hangar.com/star-citizen/spaceships/esperia/blade.html,star-citizen,spaceships,esperia,blade,
https://star-hangar.com/star-citizen/spaceships/esperia/glaive.html,star-citizen,spaceships,esperia,glaive,
https://star-hangar.com/star-citizen/spaceships/esperia/prowler.html,star-citizen,spaceships,esperia,prowler,
https://star-hangar.com/star-citizen/spaceships/esperia/talon/base.html,star-citizen,spaceships,esperia,talon,base
https://star-hangar.com/star-citizen/spaceships/esperia/talon/shrike.html,star-citizen,spaceships,esperia,talon,shrike
https://star-hangar.com/star-citizen/spaceships/gatac/railen.html,star-citizen,spaceships,gatac,railen,
https://star-hangar.com/star-citizen/spaceships/kruger-intergalactic/p/p-72-archimedes.html,star-citizen,spaceships,kruger-intergalactic,p,p-72-archimedes
https://star-hangar.com/star-citizen/spaceships/musashi-industrial-starflight-concern/endeavor.html,star-citizen,spaceships,musashi-industrial-starflight-concern,endeavor,
https://star-hangar.com/star-citizen/spaceships/musashi-industrial-starflight-concern/freelancer/base.html,star-citizen,spaceships,musashi-industrial-starflight-concern,freelancer,freelancer_base
https://star-hangar.com/star-citizen/spaceships/musashi-industrial-starflight-concern/freelancer/dur.html,star-citizen,spaceships,musashi-industrial-starflight-concern,freelancer,dur
https://star-hangar.com/star-citizen/spaceships/musashi-industrial-starflight-concern/freelancer/max.html,star-citizen,spaceships,musashi-industrial-starflight-concern,freelancer,max
https://star-hangar.com/star-citizen/spaceships/musashi-industrial-starflight-concern/freelancer/mis.html,star-citizen,spaceships,musashi-industrial-starflight-concern,freelancer,mis
https://star-hangar.com/star-citizen/spaceships/musashi-industrial-starflight-concern/hull/a.html,star-citizen,spaceships,musashi-industrial-starflight-concern,hull,a
https://star-hangar.com/star-citizen/spaceships/musashi-industrial-starflight-concern/hull/b.html,star-citizen,spaceships,musashi-industrial-starflight-concern,hull,b
https://star-hangar.com/star-citizen/spaceships/musashi-industrial-starflight-concern/hull/c.html,star-citizen,spaceships,musashi-industrial-starflight-concern,hull,c
https://star-hangar.com/star-citizen/spaceships/musashi-industrial-starflight-concern/hull/d.html,star-citizen,spaceships,musashi-industrial-starflight-concern,hull,d
https://star-hangar.com/star-citizen/spaceships/musashi-industrial-starflight-concern/prospector.html,star-citizen,spaceships,musashi-industrial-starflight-concern,prospector,
https://star-hangar.com/star-citizen/spaceships/musashi-industrial-starflight-concern/razor/base.html,star-citizen,spaceships,musashi-industrial-starflight-concern,razor,razor_base
https://star-hangar.com/star-citizen/spaceships/musashi-industrial-starflight-concern/razor/ex.html,star-citizen,spaceships,musashi-industrial-starflight-concern,razor,ex
https://star-hangar.com/star-citizen/spaceships/musashi-industrial-starflight-concern/razor/lx.html,star-citizen,spaceships,musashi-industrial-starflight-concern,razor,lx
https://star-hangar.com/star-citizen/spaceships/musashi-industrial-starflight-concern/reliant/kore.html,star-citizen,spaceships,musashi-industrial-starflight-concern,reliant,kore
https://star-hangar.com/star-citizen/spaceships/musashi-industrial-starflight-concern/reliant/mako.html,star-citizen,spaceships,musashi-industrial-starflight-concern,reliant,mako
https://star-hangar.com/star-citizen/spaceships/musashi-industrial-starflight-concern/reliant/sen.html,star-citizen,spaceships,musashi-industrial-starflight-concern,reliant,sen
https://star-hangar.com/star-citizen/spaceships/musashi-industrial-starflight-concern/reliant/tana.html,star-citizen,spaceships,musashi-industrial-starflight-concern,reliant,tana
https://star-hangar.com/star-citizen/spaceships/musashi-industrial-starflight-concern/starfarer/base.html,star-citizen,spaceships,musashi-industrial-starflight-concern,starfarer,base
https://star-hangar.com/star-citizen/spaceships/musashi-industrial-starflight-concern/starfarer/gemini.html,star-citizen,spaceships,musashi-industrial-starflight-concern,starfarer,gemini
https://star-hangar.com/star-citizen/spaceships/musashi-industrial-starflight-concern/odyssey.html,star-citizen,spaceships,musashi-industrial-starflight-concern,odyssey,
https://star-hangar.com/star-citizen/spaceships/musashi-industrial-starflight-concern/expanse.html,star-citizen,spaceships,musashi-industrial-starflight-concern,expanse,
https://star-hangar.com/star-citizen/spaceships/origin-jumpworks/85x.html,star-citizen,spaceships,origin-jumpworks,85x,
https://star-hangar.com/star-citizen/spaceships/origin-jumpworks/100-series/100i.html,star-citizen,spaceships,origin-jumpworks,100-series,100i
https://star-hangar.com/star-citizen/spaceships/origin-jumpworks/100-series/125a.html,star-citizen,spaceships,origin-jumpworks,100-series,125a
https://star-hangar.com/star-citizen/spaceships/origin-jumpworks/100-series/135c.html,star-citizen,spaceships,origin-jumpworks,100-series,135c
https://star-hangar.com/star-citizen/spaceships/origin-jumpworks/300i-series/300i.html,star-citizen,spaceships,origin-jumpworks,300i-series,300i
https://star-hangar.com/star-citizen/spaceships/origin-jumpworks/300i-series/315p.html,star-citizen,spaceships,origin-jumpworks,300i-series,315p
https://star-hangar.com/star-citizen/spaceships/origin-jumpworks/300i-series/325a.html,star-citizen,spaceships,origin-jumpworks,300i-series,325a
https://star-hangar.com/star-citizen/spaceships/origin-jumpworks/300i-series/350r.html,star-citizen,spaceships,origin-jumpworks,300i-series,350r
https://star-hangar.com/star-citizen/spaceships/origin-jumpworks/600-series/600i-luxury.html,star-citizen,spaceships,origin-jumpworks,600-series,600i-luxury
https://star-hangar.com/star-citizen/spaceships/origin-jumpworks/600-series/600i-exploration.html,star-citizen,spaceships,origin-jumpworks,600-series,600i-exploration
https://star-hangar.com/star-citizen/spaceships/origin-jumpworks/m50.html,star-citizen,spaceships,origin-jumpworks,m50,
https://star-hangar.com/star-citizen/spaceships/origin-jumpworks/400i.html,star-citizen,spaceships,origin-jumpworks,400i,
https://star-hangar.com/star-citizen/spaceships/roberts-space-industries/apollo/medivac.html,star-citizen,spaceships,roberts-space-industries,apollo,medivac
https://star-hangar.com/star-citizen/spaceships/roberts-space-industries/apollo/triage.html,star-citizen,spaceships,roberts-space-industries,apollo,triage
https://star-hangar.com/star-citizen/spaceships/roberts-space-industries/constellation/andromeda.html,star-citizen,spaceships,roberts-space-industries,constellation,andromeda
https://star-hangar.com/star-citizen/spaceships/roberts-space-industries/constellation/aquila.html,star-citizen,spaceships,roberts-space-industries,constellation,aquila
https://star-hangar.com/star-citizen/spaceships/roberts-space-industries/constellation/taurus.html,star-citizen,spaceships,roberts-space-industries,constellation,taurus
